0,https  wwwredditcom r india comments 1s57oi need feedback for insurance policy that i took ,1
1,https  wwwredditcom r india comments b7pvwt somebody want to kill my full family what to do ,1
2,https  wwwredditcom r india comments bdfid1 ambassador of india takes back my newly issued ,1
3,https  wwwredditcom r india comments cu1xn4 randians what are you too afraid to ask ,1
4,https  wwwredditcom r india comments avt1qx recommendations for books on indian history ,1
5,https  wwwredditcom r india comments a2nsgt what is gotra ,1
6,https  wwwredditcom r india comments ai7392 what happened to the spiritual country that india ,1
7,https  wwwredditcom r india comments 968di3 european looking for opinions from indians ,1
8,https  wwwredditcom r india comments b0l457 hello we are a group of students from the ,1
9,https  wwwredditcom r india comments bemcxg clueless american 11 etiquette with our indian ,1
10,https  wwwredditcom r india comments 63l6vm who should i vote for in 2019 general elections ,1
11,https  wwwredditcom r india comments 9b5g5p so i am writing a book titled ironically letters ,1
12,https  wwwredditcom r india comments 6bacbg we really need to talk about flairs ,1
13,https  wwwredditcom r india comments 4qepvz older more experienced people of india what will ,1
14,https  wwwredditcom r india comments 6voqzs shower thought subsidies and cheap favours by ,1
15,https  wwwredditcom r india comments 1wwnk1 if india had to get rid of one state which one ,1
16,https  wwwredditcom r india comments 5m7mgh what are some nice and great old threads to ,1
17,https  wwwredditcom r india comments 3eesdr any complications in future jobs because of ,1
18,https  wwwredditcom r india comments 4fyjjl psa rindia submission flairs how to use them ,1
19,https  wwwredditcom r india comments 5hdfdd ask redditplease advise balding and like a girl ,1
20,https  wwwredditcom r india comments 9g8i64 books bibliophiles how many of you like to read ,1
21,https  wwwredditcom r india comments a3f6hm recommendations for jaipur trip nonhindi speaking ,1
22,https  wwwredditcom r india comments 7vvw28 r4r missed connection we interacted on r4r and we ,1
23,https  wwwredditcom r india comments 9afobq need help people working in the it sector who ,1
24,https  wwwredditcom r india comments 17x8uw a list of india related sub reddits ,1
25,https  wwwredditcom r india comments 8dg2ih buying an apartment in hyderabad ,1
26,https  wwwredditcom r india comments 3ecyjp mod post introducing new flairs for better ,1
27,https  wwwredditcom r india comments 3huilc r updated wiki rules flairs ,1
28,https  wwwredditcom r india comments 2o2rpl rfeedback thread the sequel results and ,1
29,https  wwwredditcom r india comments z7cfi cant seem to understand how ems works ,1
30,https  wwwredditcom r india comments 6jnnbm np which tax return to file if im both salaried ,1
31,https  wwwredditcom r india comments 3de8cn modpost new flairs for rindia and improving ,1
32,https  wwwredditcom r india comments 66u52j policy creating jobs in the indian economy ,1
33,https  wwwredditcom r india comments 3s13n9 explain like 5 what is the first past post system ,1
34,https  wwwredditcom r india comments 1kqjhq subreddit of the day ask india ,1
35,https  wwwredditcom r india comments 17294b us double standards ,1
36,https  wwwredditcom r india comments 2zstbi np cost of shipping to uk ,1
37,https  wwwredditcom r india comments 2z0aqw i want to work for a ngo dont know where to start ,1
38,https  wwwredditcom r india comments 42xwkv what are some of the best nonquoranon saaxnon ,1
39,https  wwwredditcom r india comments 1x5vcs msc in india and ms in the us or germanypossible ,1
40,https  wwwredditcom r india comments cjv92h rindia whats your entitledidiotic indian abroad ,1
41,https  wwwredditcom r india comments cq5tzw 1 help me deal with an asshole tenant ,1
42,https  wwwredditcom r india comments cwjkni do you use cheap android tv boxes which one do ,1
43,https  wwwredditcom r india comments cuc2q9 serious 1 randians how has the porn ban ,1
44,https  wwwredditcom r india comments cwhy82 110 shoes that you can buy for life ,1
45,https  wwwredditcom r india comments cprtaa attractive men what type of attention do you ,1
46,https  wwwredditcom r india comments cf35ej 1 which businesseconomics magazine is ,1
47,https  wwwredditcom r india comments bxsezi 1 is it just me or are most of the gym ,1
48,https  wwwredditcom r india comments cpu32a 1 dear india how do you eat your cereal ,1
49,https  wwwredditcom r india comments ca7vfz 1 did anyone experienced hair fall after ,1
50,https  wwwredditcom r india comments c4ilk5 1serious is it worth attempting ,1
51,https  wwwredditcom r india comments c3m0sv 1 whats your indian eat cheap and healthy ,1
52,https  wwwredditcom r india comments ckqpy6 1 where can we safely dispose of old ,1
53,https  wwwredditcom r india comments c7hi34 1 where can i apply for 8lpa jobs in ,1
54,https  wwwredditcom r india comments comakt 1 what song is this ,1
55,https  wwwredditcom r india comments cxw7dm 1 how about subr12nian swamy as finannce ,1
56,https  wwwredditcom r india comments cgoo8v 1 traveling to assam and meghalaya in ,1
57,https  wwwredditcom r india comments cawrqv np 1 need a complete guide to starting on ,1
58,https  wwwredditcom r india comments ciwqvu 1 good high speed isp in amritsar ,1
59,https  wwwredditcom r india comments bym2mk 1 how do people propose here ,1
60,https  wwwredditcom r india comments 68ekmf joey for reddit android app optimized for rindia ,1
61,https  wwwredditcom r india comments cdtcgd 1 how do you start retirement planning ,1
62,https  wwwredditcom r india comments cfydvp 1 need some career guidance ,1
63,https  wwwredditcom r india comments by7svp 1 need advice on buying a new bike ,1
64,https  wwwredditcom r india comments cidz1s 1 christians of india please help me ,1
65,https  wwwredditcom r india comments cdeteu 1 guidance regarding dtu nsut igdtu ,1
66,https  wwwredditcom r india comments c2uq8x 1 institute for mbbs ,1
67,https  wwwredditcom r india comments bysss1 1 how is your jio gigafiber connection ,1
68,https  wwwredditcom r india comments ca5rkp 1 policy economy books or sources for ,1
69,https  wwwredditcom r india comments bwe30a 1 does eating paan betel leaf after meal ,1
70,https  wwwredditcom r india comments c7cpe6 1 what kind of virtual cards do you use ,1
71,https  wwwredditcom r india comments bj5srt 1 does anyone have one of those weighted ,1
72,https  wwwredditcom r india comments bqedd4 1 technicaladvice just got a new laptop ,1
73,https  wwwredditcom r india comments cgtbu8 1 what do you think of the pornography ban ,1
74,https  wwwredditcom r india comments caxm02 1 how to get old results from bihar state ,1
75,https  wwwredditcom r india comments c1k14d 1 how many of you would support marking 50 ,1
76,https  wwwredditcom r india comments b2vyxr 1 how would you like an appbased healthy ,1
77,https  wwwredditcom r india comments awf8y6 1 what was the last tv series you binged ,1
78,https  wwwredditcom r india comments bej514 1 people who have lost one or both parents ,1
79,https  wwwredditcom r india comments awhwhv 1 i found out that my wife is cheating ,1
80,https  wwwredditcom r india comments aoo0i0 1 what brands of personal grooming shampoo ,1
81,https  wwwredditcom r india comments ask1d7 1 why is the porn ban verdict not being ,1
82,https  wwwredditcom r india comments blfrft 1 anyone here from dtu nsut help regarding ,1
83,https  wwwredditcom r india comments ayfhee 1 what is your moms catchphrase ,1
84,https  wwwredditcom r india comments aq83ya 1 how do you keep yourself fit ,1
85,https  wwwredditcom r india comments byiscn 1 adhd medication help ,1
86,https  wwwredditcom r india comments aftiwi 1 what are your unpopular generalizations ,1
87,https  wwwredditcom r india comments awasht 1south indian supporters of rss why do ,1
88,https  wwwredditcom r india comments 9yezn3 1 what are some one time purchases that ,1
89,https  wwwredditcom r india comments atcz0u 1 tell me an yesterdays nonnews around you ,1
90,https  wwwredditcom r india comments avg9s7 1 mosquitoes make life a living hell in ,1
91,https  wwwredditcom r india comments a7m150 1 is there an indian equivalent of ,1
92,https  wwwredditcom r india comments 3sd4g0 random daily discussion morning thread for ,1
93,https  wwwredditcom r india comments bkvjui randians what is your benchmark drink price in a ,2
94,https  wwwredditcom r india comments cfwha5 question non political income tax returns and ,2
95,https  wwwredditcom r india comments c94l0j nonpolitical robbed on a friday by zomato ,2
96,https  wwwredditcom r india comments ajndra can we make a list of nonpolitical personalities ,2
97,https  wwwredditcom r india comments be5qwf nonpolitical given the ban on porn sites in india ,2
98,https  wwwredditcom r india comments b4t0ew non political looking for a decent affordable ,2
99,https  wwwredditcom r india comments 8ius6e rant do we deserve what we have or do we have ,2
100,https  wwwredditcom r india comments 8d5ros nonpolitical i broke my doorknob i hear this is a ,2
101,https  wwwredditcom r india comments 8wr0y2 nonpoliticalmy solutions for whatsapp forwards ,2
102,https  wwwredditcom r india comments be0cr0 non political especially non election news source ,2
103,https  wwwredditcom r india comments 95810q nonpolitical travel suggestions for august ,2
104,https  wwwredditcom r india comments 65acnz non political hey ro india we malayalees are ,2
105,https  wwwredditcom r india comments abixfy update india specific writing prompts are allowed ,2
106,https  wwwredditcom r india comments 6izxwj nonpoliticalserious whats your thoughts on gst now ,2
107,https  wwwredditcom r india comments 6t66al nonpolitical vodafone had been extorting my ,2
108,https  wwwredditcom r india comments 6xpspo nonpolitical as an affiliate marketer what taxes ,2
109,https  wwwredditcom r india comments 7xbxe3 nonpolitical has aib gone overboard with ,2
110,https  wwwredditcom r india comments 6wd4wy the pv sindhu nozomi okuhara match in the final ,2
111,https  wwwredditcom r india comments 9rswpz nonpolitical randians help me out with my crush ,2
112,https  wwwredditcom r india comments 5298g0 nonpolitical bsnl unlimited 3g ,2
113,https  wwwredditcom r india comments 85136o non political how was the cbse grade 10 science ,2
114,https  wwwredditcom r india comments 8gnf1n 1nonpolitical what are popular job boards ,2
115,https  wwwredditcom r india comments 2a2css nonpolitical north indians whats your honest ,2
116,https  wwwredditcom r india comments 9mlt88 non political guys just want to vent out about ,2
117,https  wwwredditcom r india comments 610xfr nonpolitical hi randia im a std 12 student who ,2
118,https  wwwredditcom r india comments 3zlnac can we please flair the humor posts here ,2
119,https  wwwredditcom r india comments 6zeuk0 i find rindia circlejerking too much over shashi ,2
120,https  wwwredditcom r india comments 6ikwjy what are your favourite nonpolitical subreddits ,2
121,https  wwwredditcom r india comments 4oh8s3 nonpolitical i urge everyone against censorship ,2
122,https  wwwredditcom r india comments 69lt9v non political year old cat ran away how do i get ,2
123,https  wwwredditcom r india comments 7avep6 nonpolitical request i need a favor from anyone ,2
124,https  wwwredditcom r india comments 4vbeep non political any suggestions for scootybike ,2
125,https  wwwredditcom r india comments 5yn7js i got new jio sim todaynonpolitical ,2
126,https  wwwredditcom r india comments 4pn6aq nonpolitical anyone here with bad childhood ,2
127,https  wwwredditcom r india comments 6p741j can i carry electric guitar as a cabin luggage in ,2
128,https  wwwredditcom r india comments 7d74gk asknonpoliticaldoes assaduddin owaisi actively ,2
129,https  wwwredditcom r india comments 28iyzi would any indian muslim group political or ,2
130,https  wwwredditcom r india comments 4gya2c non political indian media and the stories they ,2
131,https  wwwredditcom r india comments 35306t nonpoliticalrandom discussion thread for late ,2
132,https  wwwredditcom r india comments 4js5cx the head of department of my college just ,2
133,https  wwwredditcom r india comments bf1mtv reddiquette can i take earphones inside eden ,3
134,https  wwwredditcom r india comments 3h81f0 what positive culture did the muslim conquests of ,3
135,https  wwwredditcom r india comments 64hq5m people of rindia help a complete stranger out ,3
136,https  wwwredditcom r india comments 256ue2 planning for the election result coverage ,3
137,https  wwwredditcom r india comments 2ldzn3 how the case of person who has been mentioned in ,3
138,https  wwwredditcom r india comments 37t4df 12 announcement rindia will be hosting 2 12s ,3
139,https  wwwredditcom r india comments 365xqh 12 announcement rahul yadav cofounder and ceo at ,3
140,https  wwwredditcom r india comments 2658kq eli5 lawyers of rindia what are the differences ,3
141,https  wwwredditcom r india comments 26g476 r need help in finding an old story ,3
142,https  wwwredditcom r india comments 1uvuni what is the political ideology of aap based on ,3
143,https  wwwredditcom r india comments 24gx5k the other side ,3
144,https  wwwredditcom r india comments 1zw01h from where will congress get 90 seats r ,3
145,https  wwwredditcom r india comments 1t65wv high dr12 in rs over introduction of bill on ,3
146,https  wwwredditcom r india comments c8ju4y is it worth to travel from bangalore to ,4
147,https  wwwredditcom r india comments c3magi disappointing startup environment here in india ,4
148,https  wwwredditcom r india comments bhhltn why do we see so little rather negligible ,4
149,https  wwwredditcom r india comments bdbpz3 will i get a full refund on my jet airways ,4
150,https  wwwredditcom r india comments b2dadp i plotted the number of 4 sitting days of ,4
151,https  wwwredditcom r india comments b282xt regarding my previous post 4 threads ,4
152,https  wwwredditcom r india comments brolpo will i get a full refund with compensation or ,4
153,https  wwwredditcom r india comments b6i7k0 4 my first counselling session with ,4
154,https  wwwredditcom r india comments afaa7v til the constitution of india has only english ,4
155,https  wwwredditcom r india comments apeu7h images of india 4 thread 1 ,4
156,https  wwwredditcom r india comments ahqsog anyone notice the high number of nationalistright ,4
157,https  wwwredditcom r india comments attemw avail waiting room at railway station only 2 hour ,4
158,https  wwwredditcom r india comments a2j9r1 about the open islamophobia displayed by times ,4
159,https  wwwredditcom r india comments a1429z 1 students who didnt meet the minimum ,4
160,https  wwwredditcom r india comments 93pga5 discrimination by government officer based on ,4
161,https  wwwredditcom r india comments 7jhqsa tifu by being from a 4 caste but ,4
162,https  wwwredditcom r india comments 9zsk06 unpopular opinion people who knowingly seek ,4
163,https  wwwredditcom r india comments 8tivks 4 sadnesssolutions thread ,4
164,https  wwwredditcom r india comments 85peql i subscribed to scripbox 3 months ago and since ,4
165,https  wwwredditcom r india comments 8earbp what has happened in india is just revolting ,4
166,https  wwwredditcom r india comments 87pfxx psa the next gslv launch is 4 on thursday ,4
167,https  wwwredditcom r india comments 5kcfji weekly video games thread 26122016 4 ,4
168,https  wwwredditcom r india comments 5v2qsu biweekly video games thread 20022017 4 ,4
169,https  wwwredditcom r india comments 5pm5hv weekly video games thread 23012017 4 ,4
170,https  wwwredditcom r india comments 5fwcie monthly video games thread december 2016 4 ,4
171,https  wwwredditcom r india comments 5xrylv biweekly video games thread 06032017 4 ,4
172,https  wwwredditcom r india comments 5q19ze biweekly music and podcasts thread 1252017 ,4
173,https  wwwredditcom r india comments 62k0fj 4 random daily discussion thread 31032017 ,4
174,https  wwwredditcom r india comments 5gmall if you tune in to any english news channel at any ,4
175,https  wwwredditcom r india comments 9a28hc questions about adivasi ,4
176,https  wwwredditcom r india comments 7u7hnw yet another bandh in karnataka 4 for the ,4
177,https  wwwredditcom r india comments 5vhuq8 biweekly music thread 2222017 4 ,4
178,https  wwwredditcom r india comments cyjr1n weekly 5 thread thread september 02 2019 ,5
179,https  wwwredditcom r india comments bwjtpx weekly 5 thread ,5
180,https  wwwredditcom r india comments btj76m weekly 5 thread ,5
181,https  wwwredditcom r india comments cu9w5c what is the best online 5 printing ,5
182,https  wwwredditcom r india comments c539gl advice for an engineer inclined towards ,5
183,https  wwwredditcom r india comments cvioph weekly 5 thread thread august 26 2019 ,5
184,https  wwwredditcom r india comments bwz9fd is 5 a hobby only for rich guys ,5
185,https  wwwredditcom r india comments c1q35f weekly 5 thread ,5
186,https  wwwredditcom r india comments c4homg weekly 5 thread june 24 2019 ,5
187,https  wwwredditcom r india comments bsdcqc anybody know where i can buy film slr cameras ,5
188,https  wwwredditcom r india comments c7nkop weekly 5 thread july 01 2019 ,5
189,https  wwwredditcom r india comments bm2lmt photographers of india i need 5 ,5
190,https  wwwredditcom r india comments bv404s where to buy 5 equipment ,5
191,https  wwwredditcom r india comments aw8v1j options for people so graduate a bit late from ,5
192,https  wwwredditcom r india comments ab4hdl any recommendations for photo books by indian ,5
193,https  wwwredditcom r india comments 8gdbpb what are the skills you can learn in one year ,5
194,https  wwwredditcom r india comments 92dz4f total lunar eclipse starting in some regions of ,5
195,https  wwwredditcom r india comments 8os8mj 5travel thread ,5
196,https  wwwredditcom r india comments 6rs79o what are some affordable hobbies in india ,5
197,https  wwwredditcom r india comments 9i0u1m is analog 5 viable in india ,5
198,https  wwwredditcom r india comments 68y3yo ask india is anyone using car dash cameras what ,5
199,https  wwwredditcom r india comments 82440d what are the recent famous advances made by ,5
200,https  wwwredditcom r india comments 74mij4 free lancing while working fulltime ,5
201,https  wwwredditcom r india comments 7oxdc1 people who did their postgrad in artshumanities ,5
202,https  wwwredditcom r india comments 9p5xua can we have a daily or weekly 5 thread ,5
203,https  wwwredditcom r india comments 7gkbf0 5 thread doggos cats and other pets ,5
204,https  wwwredditcom r india comments 5n3f8s biweekly hobbies and oc thread 1012017 ,5
205,https  wwwredditcom r india comments 8zd54z how much would you charge for 11 5 ,5
206,https  wwwredditcom r india comments 37v8ww random discussion thread for late night owls and ,5
207,https  wwwredditcom r india comments ciddbn i started my btech degree yesterday at the age of ,5
208,https  wwwredditcom r india comments 289wmp random daily discussion evening thread for ,5
209,https  wwwredditcom r india comments 3bbl8n npif you were guaranteed a salary of exactly 50l ,5
210,https  wwwredditcom r india comments 556ft4 ask my friend wants to join a 5 course ,5
211,https  wwwredditcom r india comments 4fnw6k how to deal with corrupt misbehaving customs ,5
212,https  wwwredditcom r india comments 5bo4ct what are good career options for a photographer ,5
213,https  wwwredditcom r india comments 613c6z r advice for a career in 5 ,5
214,https  wwwredditcom r india comments 5moy15 what do you do if your strict parents ask you to ,5
215,https  wwwredditcom r india comments 918ek7 what are the options for parttime undergraduate ,6
216,https  wwwredditcom r india comments 27alsc how satisfied are you with your childs exposure ,6
217,https  wwwredditcom r india comments c2ubif til a us company owned by princely family of ,6
218,https  wwwredditcom r india comments cj7xx0 what is the future of artificial intelligence and ,6
219,https  wwwredditcom r india comments bwmz0o a criticism of the new education policy 2019 and ,6
220,https  wwwredditcom r india comments 6w8oqs india is not a country it is a union of countries ,6
221,https  wwwredditcom r india comments 7yz12m need help with depression and anger ,6
222,https  wwwredditcom r india comments 3az9b2 dear rindia lets talk about recent govt ,6
223,https  wwwredditcom r india comments 62ftq4 is there any way to interact with fellow upsc ,6
224,https  wwwredditcom r india comments 4gbzmf npengineering education in india hot intake cold ,6
225,https  wwwredditcom r india comments 579l8u how can we contribute to our nations ambitious ,6
226,https  wwwredditcom r india comments 6scq8i 26 m uk india delhi or otherwise crosspost from ,6
227,https  wwwredditcom r india comments 2vmmat r 12 announcement team indus 14th february 1100 ,6
228,https  wwwredditcom r india comments 237msh please keep it clean ,6
229,https  wwwredditcom r india comments 13ehd8 please consider buying our book india 2020 exodus ,6
230,https  wwwredditcom r india comments 28fy7b an exposition and solution to the ngo problem ,6
231,https  wwwredditcom r india comments a0bxtr i need some help and maybe some guidanceself ,6
232,https  wwwredditcom r india comments 8fym1p does anyone know much about iistindian institute ,6
233,https  wwwredditcom r india comments 80v79r help me out get an mba from usa brothers and ,6
234,https  wwwredditcom r india comments 64aybl one way india could reform its education ,6
235,https  wwwredditcom r india comments 5vouxk what are the websites that cover science ,6
236,https  wwwredditcom r india comments 5ytpl7 science and technologynp using samsung pay is so ,6
237,https  wwwredditcom r india comments 3g4a2y til about jana vignana vedika jvv that ,6
238,https  wwwredditcom r india comments 5jscfe a place to discuss scientific and engineering ,6
239,https  wwwredditcom r india comments 21zxad np need help in switching stream to big data ,6
240,https  wwwredditcom r india comments 41thvi the nehruvian albatross ,6
241,https  wwwredditcom r india comments crzhie i wish i was well informed in subjects or had ,7
242,https  wwwredditcom r india comments cyl264 how do we deal with the growing fundamentalism in ,7
243,https  wwwredditcom r india comments ctrxzd random daily discussion thread august 22 2019 at ,7
244,https  wwwredditcom r india comments chylty what can we do what should a common man do ,7
245,https  wwwredditcom r india comments bscpls 2019 lok sabha elections post results discussion ,7
246,https  wwwredditcom r india comments bokvwa something about rahul gandhi hit me hard ,7
247,https  wwwredditcom r india comments cko0hg what are the high paying jobs that are boring and ,7
248,https  wwwredditcom r india comments chlh7r unpopular news of the week rindia edition ,7
249,https  wwwredditcom r india comments cf8ev9 non it people whove joined it streamhow much will ,7
250,https  wwwredditcom r india comments btkyzh its time for india to move from a hindutva ,7
251,https  wwwredditcom r india comments c3mmaj what does rindia think of alexandria ocasiocortez ,7
252,https  wwwredditcom r india comments bscvnl how can i keep up better with indian 7 ,7
253,https  wwwredditcom r india comments c1x7pq help me choose magazines in india ,7
254,https  wwwredditcom r india comments ck4qom with the indian 7 going down the gutter ,7
255,https  wwwredditcom r india comments cp8xyy increasingly polarized political opinions in ,7
256,https  wwwredditcom r india comments bmf1qt as a 20 yo in india how do i get involved in ,7
257,https  wwwredditcom r india comments b4t1vr we are the nation of sardar patel of pandit nehru ,7
258,https  wwwredditcom r india comments a5ewag i cant get over shaktikanta das being appointed ,8
259,https  wwwredditcom r india comments 3l4x43 just wondering do we have welleducated indians ,8
260,https  wwwredditcom r india comments card9t is there any indian guy here who escaped to a ,8
261,https  wwwredditcom r india comments ck63jq more bad news for startups and small business ,8
262,https  wwwredditcom r india comments abssno folks do you have any idea about the pgdba ,8
263,https  wwwredditcom r india comments 8qbkou which are some free certification that one could ,8
264,https  wwwredditcom r india comments 390t0e random daily discussion evening thread for ,8
265,https  wwwredditcom r india comments 2oixn5 np where can i learn basic finance and banking ,8
266,https  wwwredditcom r india comments 3ewrql should i get an mba np ,8
267,https  wwwredditcom r india comments 470e0y educationhow is indian school of business finance ,8
268,https  wwwredditcom r india comments 2d54r0 anyone working for financial institutions and ,8
269,https  wwwredditcom r india comments c9bdok union budget 2019 ,8
270,https  wwwredditcom r india comments c9qqnc indian podcasts recommendations ,8
271,https  wwwredditcom r india comments cvayjn help my parents are getting divorced ,8
272,https  wwwredditcom r india comments c9dxek original highlights from the budget speech ,8
273,https  wwwredditcom r india comments cjnx1s a query about data science courses institutions ,8
274,https  wwwredditcom r india comments c9qvq4 what are your initial thoughts reactions to the ,8
275,https  wwwredditcom r india comments beaonr mourning the demise of jet airways ,8
276,https  wwwredditcom r india comments buahlm eli5 the crisis at dewan housing finance ,8
277,https  wwwredditcom r india comments b9p4dc indias elections a reading list ,8
278,https  wwwredditcom r india comments a5g6b4 last few rbi governors yv reddy phd economics d ,8
279,https  wwwredditcom r india comments besg9q is it possible to switch careers at 24 please help ,8
280,https  wwwredditcom r india comments bast01 i would like to sell doctors medical practice ,8
281,https  wwwredditcom r india comments bgbcj6 job prospects of ms in business analytics ,8
282,https  wwwredditcom r india comments bae4z3 a nonpartisan list covering 100 landmark events ,8
283,https  wwwredditcom r india comments ahuc0c please help me with career advice ,8
284,https  wwwredditcom r india comments al2pdh broke up 30 what next ,8
285,https  wwwredditcom r india comments abqu80 what would be a better decision serious ,8
286,https  wwwredditcom r india comments azoh6g suddenly one nation one policy sentiment is ,8
287,https  wwwredditcom r india comments 9t7uyw serious help i invented something ,8
288,https  wwwredditcom r india comments 7uga6a union budget 2018 consolidate all information and ,8
289,https  wwwredditcom r india comments 90h0m3 questions that narendra modi must answer please ,8
290,https  wwwredditcom r india comments alx3kj with the recent oxfam india inequality report ,8
291,https  wwwredditcom r india comments 9ypjsr so you made yourself a little bit of money huh ,8
292,https  wwwredditcom r india comments 9pj0at due to family problems i had to forego my college ,8
293,https  wwwredditcom r india comments 9w2du8 is it worth moving to canada on the basis of job ,8
294,https  wwwredditcom r india comments 86z8ww aadharn12 ,8
295,https  wwwredditcom r india comments 9zgjc8 india and its states some states are too much ,8
296,https  wwwredditcom r india comments ak2az1 election 2019 demands of the people of india ,8
297,https  wwwredditcom r india comments 7c6kh8 is modi making corruption systemic ,8
298,https  wwwredditcom r india comments 84vvjc some gyan for aspiring mba students about which ,8
299,https  wwwredditcom r india comments 86kq7c law graduates of rindia my close friend cancer ,8
300,https  wwwredditcom r india comments 79u1il the kerala model ,8
301,https  wwwredditcom r india comments 6s4hoh tldr godman to tycoon the untold story of baba ,8
302,https  wwwredditcom r india comments 6zeuk0 i find rindia circlejerking too much over shashi ,8
303,https  wwwredditcom r india comments 8phvi6 those who are in hyderabad do attend aniruddha ,8
304,https  wwwredditcom r india comments 6bacbg we really need to talk about flairs ,8
305,https  wwwredditcom r india comments 717dlb debunked do the maths indias first bullet train ,8
306,https  wwwredditcom r india comments 7hnc7h why is the proposed bail in clause not being ,8
307,https  wwwredditcom r india comments 63lhl9 no progress on the pan12 papers despite over ,8
308,https  wwwredditcom r india comments 7a8no5 what are my options ,8
309,https  wwwredditcom r india comments 7e5n3o what skills should i acquire to benefit myself in ,8
310,https  wwwredditcom r india comments 53y5rq state of the week puducherry ,8
311,https  wwwredditcom r india comments 8b6sq8 opportunity for crypto investors in india subject ,8
312,https  wwwredditcom r india comments 589exo indian banking system under attack ,8
313,https  wwwredditcom r india comments 4obpst the aadhaar trojan ,8
314,https  wwwredditcom r india comments 65nu2c stay in an excellent job vs come back to live ,8
315,https  wwwredditcom r india comments 6f3v9z what does rindia think of bitcoin india must act ,8
316,https  wwwredditcom r india comments 794ep0 did you know that most of the income accruing to ,8
317,https  wwwredditcom r india comments 8gnf1n 1nonpolitical what are popular job boards ,8
318,https  wwwredditcom r india comments 4yow7m urjit patel appointed new rbi governor ,8
319,https  wwwredditcom r india comments 47ogw5 our banks are in trouble we need to talk about it ,8
320,https  wwwredditcom r india comments 70fyiq why are indian entrance exams so different from ,8
321,https  wwwredditcom r india comments 4it1ef last week in the indian parliament 2 may 02 to ,8
322,https  wwwredditcom r india comments 6fkh5t advice needed on career choice please help ,8
323,https  wwwredditcom r india comments 7dskdq some examples where credit ratings agencies have ,8
324,https  wwwredditcom r india comments 55u5wb good sources to follow policy and economic news ,9
325,https  wwwredditcom r india comments cz0ctb hello top minds of rindia is the indian economy ,9
326,https  wwwredditcom r india comments c95ykl i read the indian economic survey of 20189 so you ,9
327,https  wwwredditcom r india comments cezrj9 what do you think that a united india would have ,9
328,https  wwwredditcom r india comments ca5rkp 1 policy economy books or sources for ,9
329,https  wwwredditcom r india comments a8qw39 answering all the questions regarding rbi fiasco ,9
330,https  wwwredditcom r india comments 66u52j policy creating jobs in the indian economy ,9
331,https  wwwredditcom r india comments 5j5wkd rant when will the supreme court finally ,9
332,https  wwwredditcom r india comments 7ar9po why is the 11 festival in delhi being held at ,9
333,https  wwwredditcom r india comments 5blcg6 calling economists here does a neoliberal society ,9
334,https  wwwredditcom r india comments 57kl2h ask why central and state governments are failing ,9
335,https  wwwredditcom r india comments 5jrknp in your opinion why has modi not become one of ,9
336,https  wwwredditcom r india comments 74i48a can you suggest some reputed centers of ,9
337,https  wwwredditcom r india comments 57n8qs why should india not side with usa now ,9
338,https  wwwredditcom r india comments 22ulu8 how would rank the indian prime ministers from ,9
339,https  wwwredditcom r india comments 250xy2 r why are young educated indians overwhelmingly ,9
340,https  wwwredditcom r india comments cty9vl indian runners of reddit which earphones do you ,10
341,https  wwwredditcom r india comments cfw1sb why doesnt india have more olympic medals or ,10
342,https  wwwredditcom r india comments ch8uh7 water resistant watches below 500 rs ,10
343,https  wwwredditcom r india comments br9cdx why hotstar premium sucks np ,10
344,https  wwwredditcom r india comments cbd91u how do i watch the f1 british grand prix on ,10
345,https  wwwredditcom r india comments cedsau need home gym purchase advice ,10
346,https  wwwredditcom r india comments bwkqxu your thoughts on e10 ,10
347,https  wwwredditcom r india comments c55wl5 is cricket really that popular outside india ,10
348,https  wwwredditcom r india comments c923cg research project on abhinav bindra ,10
349,https  wwwredditcom r india comments cwhy82 110 shoes that you can buy for life ,10
350,https  wwwredditcom r india comments bppu6w teachers of rindia what kind of kids do you like ,10
351,https  wwwredditcom r india comments cbtecp thank you msd the great indian captain the ,10
352,https  wwwredditcom r india comments cvyrzz logistics services for delicate 10 equipment ,10
353,https  wwwredditcom r india comments ca3mxn what you watch on tv ,10
354,https  wwwredditcom r india comments bgxi3v unpopular opinion virat kohli is an overrated ,10
355,https  wwwredditcom r india comments c04xhk fitness question ,10
356,https  wwwredditcom r india comments c7ac6g volunteer work in the field of 10 ,10
357,https  wwwredditcom r india comments coj7ze size 13ukeu48 10 shoes anywhere online or ,10
358,https  wwwredditcom r india comments ccrbav indian football ,10
359,https  wwwredditcom r india comments cjb5u6 online 10 betting in india ,10
360,https  wwwredditcom r india comments aral70 from a guy who was paying 340month for all the hd ,10
361,https  wwwredditcom r india comments b7nm43 star 10 broadcasting ipl on all their ,10
362,https  wwwredditcom r india comments bimj70 want some suggestions on bike you guys have any ,10
363,https  wwwredditcom r india comments b4m3qf is it only me or many of you have lost interest ,10
364,https  wwwredditcom r india comments b5hi6f my rant lunacy of indian liberals ,10
365,https  wwwredditcom r india comments ax8nb8 how to get into 10 and related activities ,10
366,https  wwwredditcom r india comments bideti what is up with cricket popularity rant ,10
367,https  wwwredditcom r india comments b7pe1l is there any one who have solved the satellite tv ,10
368,https  wwwredditcom r india comments buvwpd french open channel ,10
369,https  wwwredditcom r india comments avdkv6 is hotstar permium worth getting ,10
370,https  wwwredditcom r india comments aopl2s randia what are your trickstechniques to remember ,10
371,https  wwwredditcom r india comments b0l7eb does anybody of you ever blame your parents for ,10
372,https  wwwredditcom r india comments 99206t asian games 2018 megathread ,10
373,https  wwwredditcom r india comments aw0xrm with the new fucked up trai regulations anyone ,10
374,https  wwwredditcom r india comments b4jrnf need help ,10
375,https  wwwredditcom r india comments b7bdeb where do i watch formula 1 live in india ,10
376,https  wwwredditcom r india comments ba3ruu star 10 not telecasting all premier league ,10
377,https  wwwredditcom r india comments am770c how about we dont watch tv at all ,10
378,https  wwwredditcom r india comments b59pux thinking to do mba in 10 management need help ,10
379,https  wwwredditcom r india comments cswj9h the witchs broth ,11
380,https  wwwredditcom r india comments clwug1 should you clean up after yourself in fast 11 ,11
381,https  wwwredditcom r india comments csci5u how different is our street chinese 11 from ,11
382,https  wwwredditcom r india comments cxjgby how do the western 11 giants like mcdonalds ,11
383,https  wwwredditcom r india comments crvduv can anyone guide me towards finding authentic ,11
384,https  wwwredditcom r india comments cc7yq8 why is 11 allergies less prevelant in india ,11
385,https  wwwredditcom r india comments cscift aging parents frustrated with society and economy ,11
386,https  wwwredditcom r india comments br8ypj 11 apps scam spread the word ,11
387,https  wwwredditcom r india comments cfwwhb what are some cheap calorie rich south indian ,11
388,https  wwwredditcom r india comments bxojlb just had indian 11 for the first time i am ,11
389,https  wwwredditcom r india comments cq44eo monthly 11 restaurant recommendation thread ,11
390,https  wwwredditcom r india comments cufjzp biweekly career and hiring thread 23082019 ,11
391,https  wwwredditcom r india comments cs6ggw indian railways is improving ,11
392,https  wwwredditcom r india comments cxkn13 swiggy sells me a burger from a fake restaurant ,11
393,https  wwwredditcom r india comments cxltfp i 15m am loving alone for a few days i just have ,11
394,https  wwwredditcom r india comments cwvmvg what kind of lifestyle could one live with 35k pm ,11
395,https  wwwredditcom r india comments cfnb4k whats your favourite childhood chips11s ,11
396,https  wwwredditcom r india comments c8joy6 biweekly 11 restaurant recommendation thread ,11
397,https  wwwredditcom r india comments cq65rx will indian 11 at least the saffron road brand ,11
398,https  wwwredditcom r india comments cm4btg anyone else noticed the dip in quality of local ,11
399,https  wwwredditcom r india comments cec6vt indians whove been to other countries how would ,11
400,https  wwwredditcom r india comments by5409 my dad has diabetes pls help regarding indian 11 ,11
401,https  wwwredditcom r india comments cy8tlf how to solve stray dogcattle problem in indian ,11
402,https  wwwredditcom r india comments cuouln who do you think is right in logout campaign ,11
403,https  wwwredditcom r india comments ctg55z what are your recommendations for 11 in banaras ,11
404,https  wwwredditcom r india comments cmvcqx super budget travellers of india how do you ,11
405,https  wwwredditcom r india comments c8a3qr as a kid what was your kids menu meal when your ,11
406,https  wwwredditcom r india comments coem6v who is this guy and why is he ordering so many ,11
407,https  wwwredditcom r india comments cxyw4n i dont know what the fuck is happening with me ,11
408,https  wwwredditcom r india comments cry16e unpopular opinioncmv removing stray dogs will ,11
409,https  wwwredditcom r india comments clbsaw is it acceptable for chefs to use bare hands ,11
410,https  wwwredditcom r india comments ct303l serious looking for meal prep ideas for the ,11
411,https  wwwredditcom r india comments ck9jt8 does anyone else just love indian home cooked 11 ,11
412,https  wwwredditcom r india comments cpnwe9 how can i help my 48 yr old mother have a source ,11
413,https  wwwredditcom r india comments cw1gnt is night shift that harmful ,11
414,https  wwwredditcom r india comments cny0a3 i want to donate some amount of money monthly ,11
415,https  wwwredditcom r india comments cpfr4x ola overpriced 3 times from quoted price ,11
416,https  wwwredditcom r india comments bo40c8 zomato delivery boy ate my 11 and zomato ,11
417,https  wwwredditcom r india comments cwgzss cat owners of rindia what do you feed your cats ,11
418,https  wwwredditcom r india comments byybwz wtf is this bullshit about 11s having effect on ,11
419,https  wwwredditcom r india comments cd4cwm will india be liveable in the coming years serious ,11
420,https  wwwredditcom r india comments cqbkg0 did any other indian millennials grow ,11
421,https  wwwredditcom r india comments cfj0kx what are some of the memorable posts of rindia ,12
422,https  wwwredditcom r india comments crofzs requesting 12 by residents of jammu kashmir ,12
423,https  wwwredditcom r india comments ba1o59 friends indians countrymen i cleared upsc cse 2018 ,12
424,https  wwwredditcom r india comments cja9s9 question has anyone here tried paytm first ,12
425,https  wwwredditcom r india comments cnhzlf 12 request a kashmiri pandit over 30 years old ,12
426,https  wwwredditcom r india comments c0hmag i am an indian getting married to a pakistani ,12
427,https  wwwredditcom r india comments a80bjt 12 announcement atishi member political affairs ,12
428,https  wwwredditcom r india comments b6unig abcd here anyone wanna be friends lol 12 ,12
429,https  wwwredditcom r india comments cbv6kf i came to delhi exactly 20 years back from bihar ,12
430,https  wwwredditcom r india comments bxr8cj 12 of a common delhiite and daily lnrdt poster ,12
431,https  wwwredditcom r india comments bn8vkq hey rindia i am a traderinvestor who made 1cr in ,12
432,https  wwwredditcom r india comments bgsh11 im a 16lpm elite mba who cant find a job 12 ,12
433,https  wwwredditcom r india comments c26jef i am an officer of the indian navy 12 ,12
434,https  wwwredditcom r india comments 929f6j 12 announcement varun grover and vikr12ditya ,12
435,https  wwwredditcom r india comments 9dxl2t iit alumni and ceo of a drone making company is ,12
436,https  wwwredditcom r india comments 9qduhr we won startup of the year 2018 ,12
437,https  wwwredditcom r india comments aws4pb casual 12 37 m kissless handholdless hugless ,12
438,https  wwwredditcom r india comments 97i0p5 np canadian kumar does it again ,12
439,https  wwwredditcom r india comments av9i7f n12ste india you might remember me from my im a ,12
440,https  wwwredditcom r india comments b37srf serious if narendra modi had an 12 session here ,12
441,https  wwwredditcom r india comments ai987x i got married recently never been happier 12 ,12
442,https  wwwredditcom r india comments 7mdc6z 12 announcement the directors of the documentary ,12
443,https  wwwredditcom r india comments 67uw22 np armab goswami 12 discussion thread ,12
444,https  wwwredditcom r india comments 6rk5x5 hi im swati cofounder of cashkarocom ask me ,12
445,https  wwwredditcom r india comments be4non i finally took the plunge and got a 3 year vpn ,12
446,https  wwwredditcom r india comments 9wyjtx its been a year and quarter since i became an ,12
447,https  wwwredditcom r india comments bf9tne 12 request married pornsexmasturbation addicts ,12
448,https  wwwredditcom r india comments aa8wff hello people of rindia i am back with another 12 ,12
449,https  wwwredditcom r india comments 88opgm ok mods i love your april foolery 3 ,12
450,https  wwwredditcom r india comments 65mrb6 rindia 12 request abhay deol ,12
451,https  wwwredditcom r india comments 8p081h industry guest lecture computer science ,12
452,https  wwwredditcom r india comments a9o4pq hello reddit after several years as a mckinsey ,12
453,https  wwwredditcom r india comments 69x04g 12 announcement siddharth varadarajan sidharth ,12
454,https  wwwredditcom r india comments 8rc0rn commercial pilot questions ,12
455,https  wwwredditcom r india comments 6kfj3e 12 announcement sm hoax slayer sunday 2nd july 8 ,12
456,https  wwwredditcom r india comments 6innry what are some indian celebrities you think they ,12
457,https  wwwredditcom r india comments 4iunny guys i cracked the upsc exam ,12
458,https  wwwredditcom r india comments 7moht1 12 request humans of hindutva ,12
459,https  wwwredditcom r india comments 76q64b whats the worst pr disaster in india ,12
460,https  wwwredditcom r india comments 92lsbe sacred games 12 with vikramditya motwane and ,12
461,https  wwwredditcom r india comments 7cp9xj request12 12 request for deepinder goyal ceo ,12
462,https  wwwredditcom r india comments a15d5x hi im hari cofounder of pickyourtrail 12 ,12
463,https  wwwredditcom r india comments 6qv9k6 12 announcement swati bhargava cofounder of ,12
464,https  wwwredditcom r india comments 65vuop hi reddit this is livefistdefencecom edinchief ,12
465,https  wwwredditcom r india comments 6xtqaz hi rindia 31yo wagecuck here bored so 12 ,12
466,https  wwwredditcom r india comments ayq0gg inviting everyone to the 12 with ferran ,12
467,https  wwwredditcom r india comments 8w1kbb hi india im a pakistani 12 ,12
468,https  wwwredditcom r india comments avnfwy 12 request journalisteditors of india print tv ,12
469,https  wwwredditcom r india comments 2z493l hello rindia i am tathagata satpathy member of ,12
470,https  wwwredditcom r india comments 7cuqzn 12 announcement amit deshpande from vaastav ,12
471,https  wwwredditcom r india comments 6c3s3n why the sudden increase in active users 500 1000 ,12
472,https  wwwredditcom r india comments 6sqt1i weekly apps thread rindia ep12 august 10 2017 ,12
473,https  wwwredditcom r india comments 71xkwr need a freelancer to do assignments ,12
474,https  wwwredditcom r india comments 7x1cl9 in delhi for a month what all places things ,12
475,https  wwwredditcom r india comments 3y3h1o 12 announcement chris daniels vice president ,12
476,https  wwwredditcom r india comments 5bwlnw 12 request raghuram g rajan ,12
477,https  wwwredditcom r india comments 2wz5q0 hey guys i am meiyang chng actor television host ,12
478,https  wwwredditcom r india comments 4f27uz weekly coders hackers all tech related thread ,12
479,https  wwwredditcom r india comments 6hk01v how did you guys discover reddit ,12
480,https  wwwredditcom r india comments 8famwp 12 not have much time left ask me anything ,12
481,https  wwwredditcom r india comments 4mdkyz much ado about nothing that was the recent 12 ,12
482,https  wwwredditcom r india comments 365xqh 12 announcement rahul yadav cofounder and ceo at ,12
483,https  wwwredditcom r india comments 8juxb1 hi i gatecrashed over 120 weddings 12 ,12
